# invoke rewrite engine
RewriteEngine On
RewriteBase /

Options -Indexes
<IfModule mod_negotiation.c>
	Options -MultiViews
</IfModule>

# Redirect non-www to www
RewriteCond %{HTTP_HOST} !^www\.
RewriteRule ^(.*)$ http://www.%{HTTP_HOST}/$1 [R=301,L]

# Create pretty URLs
DirectorySlash Off

RewriteCond %{REQUEST_FILENAME}.html -f
RewriteRule ^ %{REQUEST_URI}.html [NC,L]
# End: Create pretty URLs

# Specific redirections
RewriteRule ^index\.html$ / [L,R=301]
RewriteRule ^webpages/ProductLine/ProductLineMakers/K&amp;N\.htm$ webpages/ProductLine/ProductLineMakers/K-N.html [L,R=301,QSD]
RewriteRule ^webpages/Gallery/miscgallery/AE86\sRearTRDWing\.htm$ webpages/Gallery/miscgallery/AE86RearTRDWing.html [L,R=301,QSD]
RewriteRule ^%22TARGET\=%22TOP$ -TARGET--TOP.html [L,R=301,QSD]
RewriteRule ^2tg\s18rg\.htm$ 2tg18rg.html [L,R=301,QSD]
RewriteRule ^2tg\+18rg\.htm$ 2tg-18rg.html [L,R=301,QSD]
RewriteRule ^_vti_bin/shtml\.dll/Guestbook\+Overlay\.htm$ _vti_bin/shtml.dll/Guestbook-Overlay.html [L,R=301,QSD]
RewriteRule ^Accessories\sMain\.htm$ AccessoriesMain.html [L,R=301,QSD]
RewriteRule ^AE86\sLEVIN\sconvertion\.htm$ AE86LEVINconvertion.html [L,R=301,QSD]
RewriteRule ^AE86\sRearTRDWing\.htm$ AE86RearTRDWing.html [L,R=301,QSD]
RewriteRule ^AE86\+RearTRDWing\.htm$ AE86-RearTRDWing.html [L,R=301,QSD]
RewriteRule ^AISIN\sCAMRY\sREAR\sSPOILER\.htm$ AISINCAMRYREARSPOILER.html [L,R=301,QSD]
RewriteRule ^aisin\sCAMRY\srear\sspoiler\.htm$ aisinCAMRYrearspoiler.html [L,R=301,QSD]
RewriteRule ^APEXi\sWEB\.htm$ APEXiWEB.html [L,R=301,QSD]
RewriteRule ^APEXi\sWEB_files/editdata\.mso$ APEXiWEB_files/editdata.html [L,R=301,QSD]
RewriteRule ^APEXi\sWEB_files/oledata\.mso$ APEXiWEB_files/oledata.html [L,R=301,QSD]
RewriteRule ^APEXi\+WEB\.htm$ APEXi-WEB.html [L,R=301,QSD]
RewriteRule ^Camry\sParts\sMain\.htm$ CamryPartsMain.html [L,R=301,QSD]
RewriteRule ^Camry\+Parts\+Main\.htm$ Camry-Parts-Main.html [L,R=301,QSD]
RewriteCond %{QUERY_STRING} ^emailSubject=Product\+Inquiry\+\%3A\+HKS\%2D31006\%2DBM001\+\%2D\+HKS\+Hi\%2DPower\+Exhaust\+\%2D\+Lancer\+Evolution\+2003\%3E\+30th$
RewriteRule ^candypress/Scripts/contactUs\.asp$ candypress/Scripts/contactUs_emailSubject-Product-Inquiry---HKS-31006-BM001---HKS-Hi-Power-Exhaust---Lancer-Evolution-2003--30th.html [L,R=301,QSD]
RewriteCond %{QUERY_STRING} ^emailSubject=Product\+Inquiry\+\%3A\+HKS\%2D32003\%2DKH010\+\%2D\+HKS\+Hi\%2DPower\+Exhaust\+\%2D\+S2000\+00\%2D03\+\%28Dual\+Exhaust\%29$
RewriteRule ^candypress/Scripts/contactUs\.asp$ candypress/Scripts/contactUs_emailSubject-Product-Inquiry---HKS-32003-KH010---HKS-Hi-Power-Exhaust---S2000-00-03-(Dual-Exhaust).html [L,R=301,QSD]
RewriteCond %{QUERY_STRING} ^emailSubject=Product\+Inquiry\+\%3A\+HKS\%2D3302\%2DEX039\+\%2D\+HKS\+Drager\+Exhaust\+\%2D\+Prelude\+97\%2D03$
RewriteRule ^candypress/Scripts/contactUs\.asp$ candypress/Scripts/contactUs_emailSubject-Product-Inquiry---HKS-3302-EX039---HKS-Drager-Exhaust---Prelude-97-03.html [L,R=301,QSD]
RewriteCond %{QUERY_STRING} ^emailSubject=Product\+Inquiry\+\%3A\+HKS\%2D3302\%2DEX074\+\%2D\+HKS\+Drager\+Exhaust\+\%2D\+Integra\+GS\%2C\+LS\%2C\+RS\+94\%2D01$
RewriteRule ^candypress/Scripts/contactUs\.asp$ candypress/Scripts/contactUs_emailSubject-Product-Inquiry---HKS-3302-EX074---HKS-Drager-Exhaust---Integra-GS--LS--RS-94-01.html [L,R=301,QSD]
RewriteCond %{QUERY_STRING} ^emailSubject=Product\+Inquiry\+\%3A\+HKS\%2D43001\%2DAM001\%2E\+\%2D\+HKS\+Twin\+Power\+DLI\+II\+\%2D\+Mitsu\%2E\+Lancer\+Evolution\+03$
RewriteRule ^candypress/Scripts/contactUs\.asp$ candypress/Scripts/contactUs_emailSubject-Product-Inquiry---HKS-43001-AM001_---HKS-Twin-Power-DLI-II---Mitsu_-Lancer-Evolution-03.html [L,R=301,QSD]
RewriteCond %{QUERY_STRING} ^emailSubject=Product\+Inquiry\+\%3A\+HKS\%2D4301\%2DSA005\+\%2D\+HKS\+Twin\+Power\+DLI\+\%2D\+Vehicle\+Specific$
RewriteRule ^candypress/Scripts/contactUs\.asp$ candypress/Scripts/contactUs_emailSubject-Product-Inquiry---HKS-4301-SA005---HKS-Twin-Power-DLI---Vehicle-Specific.html [L,R=301,QSD]
RewriteCond %{QUERY_STRING} ^emailSubject=Product\+Inquiry\+\%3A\+HKS\%2DLES\%2DZ01\+\%2D\+HKS\+Sport\+Exhaust\+\%2D\+RX\%2D7\+86\%2D91$
RewriteRule ^candypress/Scripts/contactUs\.asp$ candypress/Scripts/contactUs_emailSubject-Product-Inquiry---HKS-LES-Z01---HKS-Sport-Exhaust---RX-7-86-91.html [L,R=301,QSD]
RewriteCond %{QUERY_STRING} ^emailSubject=Product\+Inquiry\+\%3A\+HKSm\%2D4399\%2DST002\+\%2D\+HKS\+Twin\+Power\+Harness\+\%2D\+MR2\+90\%2D95\+\%283SGTE\%2F5SFE\%29$
RewriteRule ^candypress/Scripts/contactUs\.asp$ candypress/Scripts/contactUs_emailSubject-Product-Inquiry---HKSm-4399-ST002---HKS-Twin-Power-Harness---MR2-90-95-(3SGTE_5SFE).html [L,R=301,QSD]
RewriteCond %{QUERY_STRING} ^emailSubject=Product\+Inquiry\+\%3A\+HPK259\+\%2D\+Tokico\+HPK\+Suspension\+Kit\+\%2D\+Celica\+00\%2D04$
RewriteRule ^candypress/Scripts/contactUs\.asp$ candypress/Scripts/contactUs_emailSubject-Product-Inquiry---HPK259---Tokico-HPK-Suspension-Kit---Celica-00-04.html [L,R=301,QSD]
RewriteCond %{QUERY_STRING} ^idProduct=145$
RewriteRule ^candypress/Scripts/emailToFriend\.asp$ candypress/Scripts/emailToFriend_idProduct-145.html [L,R=301,QSD]
RewriteCond %{QUERY_STRING} ^idProduct=177$
RewriteRule ^candypress/Scripts/emailToFriend\.asp$ candypress/Scripts/emailToFriend_idProduct-177.html [L,R=301,QSD]
RewriteCond %{QUERY_STRING} ^idProduct=191$
RewriteRule ^candypress/Scripts/emailToFriend\.asp$ candypress/Scripts/emailToFriend_idProduct-191.html [L,R=301,QSD]
RewriteCond %{QUERY_STRING} ^idProduct=21$
RewriteRule ^candypress/Scripts/emailToFriend\.asp$ candypress/Scripts/emailToFriend_idProduct-21.html [L,R=301,QSD]
RewriteCond %{QUERY_STRING} ^idProduct=43$
RewriteRule ^candypress/Scripts/emailToFriend\.asp$ candypress/Scripts/emailToFriend_idProduct-43.html [L,R=301,QSD]
RewriteCond %{QUERY_STRING} ^idProduct=45$
RewriteRule ^candypress/Scripts/emailToFriend\.asp$ candypress/Scripts/emailToFriend_idProduct-45.html [L,R=301,QSD]
RewriteCond %{QUERY_STRING} ^idProduct=51$
RewriteRule ^candypress/Scripts/emailToFriend\.asp$ candypress/Scripts/emailToFriend_idProduct-51.html [L,R=301,QSD]
RewriteCond %{QUERY_STRING} ^idProduct=72$
RewriteRule ^candypress/Scripts/emailToFriend\.asp$ candypress/Scripts/emailToFriend_idProduct-72.html [L,R=301,QSD]
RewriteCond %{QUERY_STRING} ^idCategory=1$
RewriteRule ^candypress/Scripts/prodList\.asp$ candypress/Scripts/prodList_idCategory-1.html [L,R=301,QSD]
RewriteCond %{QUERY_STRING} ^idCategory=10$
RewriteRule ^candypress/Scripts/prodList\.asp$ candypress/Scripts/prodList_idCategory-10.html [L,R=301,QSD]
RewriteCond %{QUERY_STRING} ^idCategory=1079$
RewriteRule ^candypress/Scripts/prodList\.asp$ candypress/Scripts/prodList_idCategory-1079.html [L,R=301,QSD]
RewriteCond %{QUERY_STRING} ^idCategory=11$
RewriteRule ^candypress/Scripts/prodList\.asp$ candypress/Scripts/prodList_idCategory-11.html [L,R=301,QSD]
RewriteCond %{QUERY_STRING} ^idCategory=13$
RewriteRule ^candypress/Scripts/prodList\.asp$ candypress/Scripts/prodList_idCategory-13.html [L,R=301,QSD]
RewriteCond %{QUERY_STRING} ^idCategory=14$
RewriteRule ^candypress/Scripts/prodList\.asp$ candypress/Scripts/prodList_idCategory-14.html [L,R=301,QSD]
RewriteCond %{QUERY_STRING} ^idCategory=15$
RewriteRule ^candypress/Scripts/prodList\.asp$ candypress/Scripts/prodList_idCategory-15.html [L,R=301,QSD]
RewriteCond %{QUERY_STRING} ^idCategory=16$
RewriteRule ^candypress/Scripts/prodList\.asp$ candypress/Scripts/prodList_idCategory-16.html [L,R=301,QSD]
RewriteCond %{QUERY_STRING} ^idCategory=17$
RewriteRule ^candypress/Scripts/prodList\.asp$ candypress/Scripts/prodList_idCategory-17.html [L,R=301,QSD]
RewriteCond %{QUERY_STRING} ^idCategory=18$
RewriteRule ^candypress/Scripts/prodList\.asp$ candypress/Scripts/prodList_idCategory-18.html [L,R=301,QSD]
RewriteCond %{QUERY_STRING} ^idCategory=19$
RewriteRule ^candypress/Scripts/prodList\.asp$ candypress/Scripts/prodList_idCategory-19.html [L,R=301,QSD]
RewriteCond %{QUERY_STRING} ^idCategory=20$
RewriteRule ^candypress/Scripts/prodList\.asp$ candypress/Scripts/prodList_idCategory-20.html [L,R=301,QSD]
RewriteCond %{QUERY_STRING} ^idCategory=21$
RewriteRule ^candypress/Scripts/prodList\.asp$ candypress/Scripts/prodList_idCategory-21.html [L,R=301,QSD]
RewriteCond %{QUERY_STRING} ^idCategory=22$
RewriteRule ^candypress/Scripts/prodList\.asp$ candypress/Scripts/prodList_idCategory-22.html [L,R=301,QSD]
RewriteCond %{QUERY_STRING} ^idCategory=23$
RewriteRule ^candypress/Scripts/prodList\.asp$ candypress/Scripts/prodList_idCategory-23.html [L,R=301,QSD]
RewriteCond %{QUERY_STRING} ^idCategory=24$
RewriteRule ^candypress/Scripts/prodList\.asp$ candypress/Scripts/prodList_idCategory-24.html [L,R=301,QSD]
RewriteCond %{QUERY_STRING} ^idCategory=25$
RewriteRule ^candypress/Scripts/prodList\.asp$ candypress/Scripts/prodList_idCategory-25.html [L,R=301,QSD]
RewriteCond %{QUERY_STRING} ^idCategory=26$
RewriteRule ^candypress/Scripts/prodList\.asp$ candypress/Scripts/prodList_idCategory-26.html [L,R=301,QSD]
RewriteCond %{QUERY_STRING} ^idCategory=27$
RewriteRule ^candypress/Scripts/prodList\.asp$ candypress/Scripts/prodList_idCategory-27.html [L,R=301,QSD]
RewriteCond %{QUERY_STRING} ^idCategory=28$
RewriteRule ^candypress/Scripts/prodList\.asp$ candypress/Scripts/prodList_idCategory-28.html [L,R=301,QSD]
RewriteCond %{QUERY_STRING} ^idCategory=3$
RewriteRule ^candypress/Scripts/prodList\.asp$ candypress/Scripts/prodList_idCategory-3.html [L,R=301,QSD]
RewriteCond %{QUERY_STRING} ^idCategory=371$
RewriteRule ^candypress/Scripts/prodList\.asp$ candypress/Scripts/prodList_idCategory-371.html [L,R=301,QSD]
RewriteCond %{QUERY_STRING} ^idCategory=372$
RewriteRule ^candypress/Scripts/prodList\.asp$ candypress/Scripts/prodList_idCategory-372.html [L,R=301,QSD]
RewriteCond %{QUERY_STRING} ^idCategory=373$
RewriteRule ^candypress/Scripts/prodList\.asp$ candypress/Scripts/prodList_idCategory-373.html [L,R=301,QSD]
RewriteCond %{QUERY_STRING} ^idCategory=374$
RewriteRule ^candypress/Scripts/prodList\.asp$ candypress/Scripts/prodList_idCategory-374.html [L,R=301,QSD]
RewriteCond %{QUERY_STRING} ^idCategory=375$
RewriteRule ^candypress/Scripts/prodList\.asp$ candypress/Scripts/prodList_idCategory-375.html [L,R=301,QSD]
RewriteCond %{QUERY_STRING} ^idCategory=376$
RewriteRule ^candypress/Scripts/prodList\.asp$ candypress/Scripts/prodList_idCategory-376.html [L,R=301,QSD]
RewriteCond %{QUERY_STRING} ^idCategory=377$
RewriteRule ^candypress/Scripts/prodList\.asp$ candypress/Scripts/prodList_idCategory-377.html [L,R=301,QSD]
RewriteCond %{QUERY_STRING} ^idCategory=379$
RewriteRule ^candypress/Scripts/prodList\.asp$ candypress/Scripts/prodList_idCategory-379.html [L,R=301,QSD]
RewriteCond %{QUERY_STRING} ^idCategory=380$
RewriteRule ^candypress/Scripts/prodList\.asp$ candypress/Scripts/prodList_idCategory-380.html [L,R=301,QSD]
RewriteCond %{QUERY_STRING} ^idCategory=381$
RewriteRule ^candypress/Scripts/prodList\.asp$ candypress/Scripts/prodList_idCategory-381.html [L,R=301,QSD]
RewriteCond %{QUERY_STRING} ^idCategory=382$
RewriteRule ^candypress/Scripts/prodList\.asp$ candypress/Scripts/prodList_idCategory-382.html [L,R=301,QSD]
RewriteCond %{QUERY_STRING} ^idCategory=383$
RewriteRule ^candypress/Scripts/prodList\.asp$ candypress/Scripts/prodList_idCategory-383.html [L,R=301,QSD]
RewriteCond %{QUERY_STRING} ^idCategory=384$
RewriteRule ^candypress/Scripts/prodList\.asp$ candypress/Scripts/prodList_idCategory-384.html [L,R=301,QSD]
RewriteCond %{QUERY_STRING} ^idCategory=385$
RewriteRule ^candypress/Scripts/prodList\.asp$ candypress/Scripts/prodList_idCategory-385.html [L,R=301,QSD]
RewriteCond %{QUERY_STRING} ^idCategory=386$
RewriteRule ^candypress/Scripts/prodList\.asp$ candypress/Scripts/prodList_idCategory-386.html [L,R=301,QSD]
RewriteCond %{QUERY_STRING} ^idCategory=392$
RewriteRule ^candypress/Scripts/prodList\.asp$ candypress/Scripts/prodList_idCategory-392.html [L,R=301,QSD]
RewriteCond %{QUERY_STRING} ^idCategory=395$
RewriteRule ^candypress/Scripts/prodList\.asp$ candypress/Scripts/prodList_idCategory-395.html [L,R=301,QSD]
RewriteCond %{QUERY_STRING} ^idCategory=396$
RewriteRule ^candypress/Scripts/prodList\.asp$ candypress/Scripts/prodList_idCategory-396.html [L,R=301,QSD]
RewriteCond %{QUERY_STRING} ^idCategory=397$
RewriteRule ^candypress/Scripts/prodList\.asp$ candypress/Scripts/prodList_idCategory-397.html [L,R=301,QSD]
RewriteCond %{QUERY_STRING} ^idCategory=398$
RewriteRule ^candypress/Scripts/prodList\.asp$ candypress/Scripts/prodList_idCategory-398.html [L,R=301,QSD]
RewriteCond %{QUERY_STRING} ^idCategory=399$
RewriteRule ^candypress/Scripts/prodList\.asp$ candypress/Scripts/prodList_idCategory-399.html [L,R=301,QSD]
RewriteCond %{QUERY_STRING} ^idCategory=400$
RewriteRule ^candypress/Scripts/prodList\.asp$ candypress/Scripts/prodList_idCategory-400.html [L,R=301,QSD]
RewriteCond %{QUERY_STRING} ^idCategory=401$
RewriteRule ^candypress/Scripts/prodList\.asp$ candypress/Scripts/prodList_idCategory-401.html [L,R=301,QSD]
RewriteCond %{QUERY_STRING} ^idCategory=402$
RewriteRule ^candypress/Scripts/prodList\.asp$ candypress/Scripts/prodList_idCategory-402.html [L,R=301,QSD]
RewriteCond %{QUERY_STRING} ^idCategory=403$
RewriteRule ^candypress/Scripts/prodList\.asp$ candypress/Scripts/prodList_idCategory-403.html [L,R=301,QSD]
RewriteCond %{QUERY_STRING} ^idCategory=404$
RewriteRule ^candypress/Scripts/prodList\.asp$ candypress/Scripts/prodList_idCategory-404.html [L,R=301,QSD]
RewriteCond %{QUERY_STRING} ^idCategory=405$
RewriteRule ^candypress/Scripts/prodList\.asp$ candypress/Scripts/prodList_idCategory-405.html [L,R=301,QSD]
RewriteCond %{QUERY_STRING} ^idCategory=406$
RewriteRule ^candypress/Scripts/prodList\.asp$ candypress/Scripts/prodList_idCategory-406.html [L,R=301,QSD]
RewriteCond %{QUERY_STRING} ^idCategory=409$
RewriteRule ^candypress/Scripts/prodList\.asp$ candypress/Scripts/prodList_idCategory-409.html [L,R=301,QSD]
RewriteCond %{QUERY_STRING} ^idCategory=410$
RewriteRule ^candypress/Scripts/prodList\.asp$ candypress/Scripts/prodList_idCategory-410.html [L,R=301,QSD]
RewriteCond %{QUERY_STRING} ^idCategory=411$
RewriteRule ^candypress/Scripts/prodList\.asp$ candypress/Scripts/prodList_idCategory-411.html [L,R=301,QSD]
RewriteCond %{QUERY_STRING} ^idCategory=650$
RewriteRule ^candypress/Scripts/prodList\.asp$ candypress/Scripts/prodList_idCategory-650.html [L,R=301,QSD]
RewriteCond %{QUERY_STRING} ^idCategory=9$
RewriteRule ^candypress/Scripts/prodList\.asp$ candypress/Scripts/prodList_idCategory-9.html [L,R=301,QSD]
RewriteCond %{QUERY_STRING} ^special=Y$
RewriteRule ^candypress/Scripts/prodList\.asp$ candypress/Scripts/prodList_special-Y.html [L,R=301,QSD]
RewriteCond %{QUERY_STRING} ^strSearch=HKS\%2C\+Exhaust\%2C\+Drager\%2C\+Acura\%2C\+Integra$
RewriteRule ^candypress/Scripts/prodList\.asp$ candypress/Scripts/prodList_strSearch-HKS--Exhaust--Drager--Acura--Integra.html [L,R=301,QSD]
RewriteCond %{QUERY_STRING} ^strSearch=HKS\%2C\+Exhaust\%2C\+Drager\%2C\+Honda\%2C\+Prelude$
RewriteRule ^candypress/Scripts/prodList\.asp$ candypress/Scripts/prodList_strSearch-HKS--Exhaust--Drager--Honda--Prelude.html [L,R=301,QSD]
RewriteCond %{QUERY_STRING} ^strSearch=HKS\%2C\+Exhaust\%2C\+Hi\%2DPower\%2C\+Honda\%2C\+S2000$
RewriteRule ^candypress/Scripts/prodList\.asp$ candypress/Scripts/prodList_strSearch-HKS--Exhaust--Hi-Power--Honda--S2000.html [L,R=301,QSD]
RewriteCond %{QUERY_STRING} ^strSearch=HKS\%2C\+Exhaust\%2C\+Sport\%2C\+Mazda\%2C\+RX7$
RewriteRule ^candypress/Scripts/prodList\.asp$ candypress/Scripts/prodList_strSearch-HKS--Exhaust--Sport--Mazda--RX7.html [L,R=301,QSD]
RewriteCond %{QUERY_STRING} ^strSearch=HKS\%2C\+Twinpower\%2C\+Ignition$
RewriteRule ^candypress/Scripts/prodList\.asp$ candypress/Scripts/prodList_strSearch-HKS--Twinpower--Ignition.html [L,R=301,QSD]
RewriteCond %{QUERY_STRING} ^strSearch=HKS\%2C\+Twinpower\%2C\+Ignition\%2C\+Harness\%2C\+Toyota\%2C\+MR2\%2C\+3SGTE$
RewriteRule ^candypress/Scripts/prodList\.asp$ candypress/Scripts/prodList_strSearch-HKS--Twinpower--Ignition--Harness--Toyota--MR2--3SGTE.html [L,R=301,QSD]
RewriteCond %{QUERY_STRING} ^strSearch=HKS\%2C\+Twinpower\%2C\+Ignition\%2C\+Mitsubishi\%2C\+Lancer\+Evolution$
RewriteRule ^candypress/Scripts/prodList\.asp$ candypress/Scripts/prodList_strSearch-HKS--Twinpower--Ignition--Mitsubishi--Lancer-Evolution.html [L,R=301,QSD]
RewriteCond %{QUERY_STRING} ^strSearch=Tokico\%2C\+HPK\%2C\+suspension\%2C\+Celica$
RewriteRule ^candypress/Scripts/prodList\.asp$ candypress/Scripts/prodList_strSearch-Tokico--HPK--suspension--Celica.html [L,R=301,QSD]
RewriteCond %{QUERY_STRING} ^idProduct=145$
RewriteRule ^candypress/Scripts/prodReview\.asp$ candypress/Scripts/prodReview_idProduct-145.html [L,R=301,QSD]
RewriteCond %{QUERY_STRING} ^idProduct=177$
RewriteRule ^candypress/Scripts/prodReview\.asp$ candypress/Scripts/prodReview_idProduct-177.html [L,R=301,QSD]
RewriteCond %{QUERY_STRING} ^idProduct=191$
RewriteRule ^candypress/Scripts/prodReview\.asp$ candypress/Scripts/prodReview_idProduct-191.html [L,R=301,QSD]
RewriteCond %{QUERY_STRING} ^idProduct=21$
RewriteRule ^candypress/Scripts/prodReview\.asp$ candypress/Scripts/prodReview_idProduct-21.html [L,R=301,QSD]
RewriteCond %{QUERY_STRING} ^idProduct=232$
RewriteRule ^candypress/Scripts/prodReview\.asp$ candypress/Scripts/prodReview_idProduct-232.html [L,R=301,QSD]
RewriteCond %{QUERY_STRING} ^idProduct=38$
RewriteRule ^candypress/Scripts/prodReview\.asp$ candypress/Scripts/prodReview_idProduct-38.html [L,R=301,QSD]
RewriteCond %{QUERY_STRING} ^idProduct=42$
RewriteRule ^candypress/Scripts/prodReview\.asp$ candypress/Scripts/prodReview_idProduct-42.html [L,R=301,QSD]
RewriteCond %{QUERY_STRING} ^idProduct=43$
RewriteRule ^candypress/Scripts/prodReview\.asp$ candypress/Scripts/prodReview_idProduct-43.html [L,R=301,QSD]
RewriteCond %{QUERY_STRING} ^idProduct=45$
RewriteRule ^candypress/Scripts/prodReview\.asp$ candypress/Scripts/prodReview_idProduct-45.html [L,R=301,QSD]
RewriteCond %{QUERY_STRING} ^idProduct=51$
RewriteRule ^candypress/Scripts/prodReview\.asp$ candypress/Scripts/prodReview_idProduct-51.html [L,R=301,QSD]
RewriteCond %{QUERY_STRING} ^idProduct=81$
RewriteRule ^candypress/Scripts/prodReview\.asp$ candypress/Scripts/prodReview_idProduct-81.html [L,R=301,QSD]
RewriteCond %{QUERY_STRING} ^idProduct=84$
RewriteRule ^candypress/Scripts/prodReview\.asp$ candypress/Scripts/prodReview_idProduct-84.html [L,R=301,QSD]
RewriteCond %{QUERY_STRING} ^idproduct=130$
RewriteRule ^candypress/Scripts/prodView\.asp$ candypress/Scripts/prodView_idproduct-130.html [L,R=301,QSD]
RewriteCond %{QUERY_STRING} ^idproduct=145$
RewriteRule ^candypress/Scripts/prodView\.asp$ candypress/Scripts/prodView_idproduct-145.html [L,R=301,QSD]
RewriteCond %{QUERY_STRING} ^idproduct=146$
RewriteRule ^candypress/Scripts/prodView\.asp$ candypress/Scripts/prodView_idproduct-146.html [L,R=301,QSD]
RewriteCond %{QUERY_STRING} ^idproduct=177$
RewriteRule ^candypress/Scripts/prodView\.asp$ candypress/Scripts/prodView_idproduct-177.html [L,R=301,QSD]
RewriteCond %{QUERY_STRING} ^idproduct=191$
RewriteRule ^candypress/Scripts/prodView\.asp$ candypress/Scripts/prodView_idproduct-191.html [L,R=301,QSD]
RewriteCond %{QUERY_STRING} ^idproduct=197$
RewriteRule ^candypress/Scripts/prodView\.asp$ candypress/Scripts/prodView_idproduct-197.html [L,R=301,QSD]
RewriteCond %{QUERY_STRING} ^idproduct=201$
RewriteRule ^candypress/Scripts/prodView\.asp$ candypress/Scripts/prodView_idproduct-201.html [L,R=301,QSD]
RewriteCond %{QUERY_STRING} ^idproduct=21$
RewriteRule ^candypress/Scripts/prodView\.asp$ candypress/Scripts/prodView_idproduct-21.html [L,R=301,QSD]
RewriteCond %{QUERY_STRING} ^idProduct=211$
RewriteRule ^candypress/Scripts/prodView\.asp$ candypress/Scripts/prodView_idProduct-211.html [L,R=301,QSD]
RewriteCond %{QUERY_STRING} ^idProduct=212$
RewriteRule ^candypress/Scripts/prodView\.asp$ candypress/Scripts/prodView_idProduct-212.html [L,R=301,QSD]
RewriteCond %{QUERY_STRING} ^idProduct=213$
RewriteRule ^candypress/Scripts/prodView\.asp$ candypress/Scripts/prodView_idProduct-213.html [L,R=301,QSD]
RewriteCond %{QUERY_STRING} ^idProduct=214$
RewriteRule ^candypress/Scripts/prodView\.asp$ candypress/Scripts/prodView_idProduct-214.html [L,R=301,QSD]
RewriteCond %{QUERY_STRING} ^idProduct=215$
RewriteRule ^candypress/Scripts/prodView\.asp$ candypress/Scripts/prodView_idProduct-215.html [L,R=301,QSD]
RewriteCond %{QUERY_STRING} ^idproduct=228$
RewriteRule ^candypress/Scripts/prodView\.asp$ candypress/Scripts/prodView_idproduct-228.html [L,R=301,QSD]
RewriteCond %{QUERY_STRING} ^idProduct=228$
RewriteRule ^candypress/Scripts/prodView\.asp$ candypress/Scripts/prodView_idProduct-228.html [L,R=301,QSD]
RewriteCond %{QUERY_STRING} ^idProduct=229$
RewriteRule ^candypress/Scripts/prodView\.asp$ candypress/Scripts/prodView_idProduct-229.html [L,R=301,QSD]
RewriteCond %{QUERY_STRING} ^idProduct=230$
RewriteRule ^candypress/Scripts/prodView\.asp$ candypress/Scripts/prodView_idProduct-230.html [L,R=301,QSD]
RewriteCond %{QUERY_STRING} ^idProduct=231$
RewriteRule ^candypress/Scripts/prodView\.asp$ candypress/Scripts/prodView_idProduct-231.html [L,R=301,QSD]
RewriteCond %{QUERY_STRING} ^idProduct=232$
RewriteRule ^candypress/Scripts/prodView\.asp$ candypress/Scripts/prodView_idProduct-232.html [L,R=301,QSD]
RewriteCond %{QUERY_STRING} ^idproduct=38$
RewriteRule ^candypress/Scripts/prodView\.asp$ candypress/Scripts/prodView_idproduct-38.html [L,R=301,QSD]
RewriteCond %{QUERY_STRING} ^idProduct=38$
RewriteRule ^candypress/Scripts/prodView\.asp$ candypress/Scripts/prodView_idProduct-38.html [L,R=301,QSD]
RewriteCond %{QUERY_STRING} ^idproduct=42$
RewriteRule ^candypress/Scripts/prodView\.asp$ candypress/Scripts/prodView_idproduct-42.html [L,R=301,QSD]
RewriteCond %{QUERY_STRING} ^idProduct=42$
RewriteRule ^candypress/Scripts/prodView\.asp$ candypress/Scripts/prodView_idProduct-42.html [L,R=301,QSD]
RewriteCond %{QUERY_STRING} ^idproduct=43$
RewriteRule ^candypress/Scripts/prodView\.asp$ candypress/Scripts/prodView_idproduct-43.html [L,R=301,QSD]
RewriteCond %{QUERY_STRING} ^idproduct=45$
RewriteRule ^candypress/Scripts/prodView\.asp$ candypress/Scripts/prodView_idproduct-45.html [L,R=301,QSD]
RewriteCond %{QUERY_STRING} ^idproduct=51$
RewriteRule ^candypress/Scripts/prodView\.asp$ candypress/Scripts/prodView_idproduct-51.html [L,R=301,QSD]
RewriteCond %{QUERY_STRING} ^idProduct=51$
RewriteRule ^candypress/Scripts/prodView\.asp$ candypress/Scripts/prodView_idProduct-51.html [L,R=301,QSD]
RewriteCond %{QUERY_STRING} ^idproduct=72$
RewriteRule ^candypress/Scripts/prodView\.asp$ candypress/Scripts/prodView_idproduct-72.html [L,R=301,QSD]
RewriteCond %{QUERY_STRING} ^idproduct=80$
RewriteRule ^candypress/Scripts/prodView\.asp$ candypress/Scripts/prodView_idproduct-80.html [L,R=301,QSD]
RewriteCond %{QUERY_STRING} ^idProduct=81$
RewriteRule ^candypress/Scripts/prodView\.asp$ candypress/Scripts/prodView_idProduct-81.html [L,R=301,QSD]
RewriteCond %{QUERY_STRING} ^idproduct=84$
RewriteRule ^candypress/Scripts/prodView\.asp$ candypress/Scripts/prodView_idproduct-84.html [L,R=301,QSD]
RewriteCond %{QUERY_STRING} ^idproduct=89$
RewriteRule ^candypress/Scripts/prodView\.asp$ candypress/Scripts/prodView_idproduct-89.html [L,R=301,QSD]
RewriteCond %{QUERY_STRING} ^errMsg=Invalid\+Category\%2E$
RewriteRule ^candypress/Scripts/sysMsg\.asp$ candypress/Scripts/sysMsg_errMsg-Invalid-Category_.html [L,R=301,QSD]
RewriteCond %{QUERY_STRING} ^errMsg=Your\+shopping\+cart\+is\+empty\%2E$
RewriteRule ^candypress/Scripts/sysMsg\.asp$ candypress/Scripts/sysMsg_errMsg-Your-shopping-cart-is-empty_.html [L,R=301,QSD]
RewriteRule ^catalog/Automobiles\sFor\sSale\.htm$ catalog/AutomobilesForSale.html [L,R=301,QSD]
RewriteRule ^catalog/Catalogue\sMain\.htm$ catalog/CatalogueMain.html [L,R=301,QSD]
RewriteRule ^catalog/GREDDY\sGUAGES\sSALE\.htm$ catalog/GREDDYGUAGESSALE.html [L,R=301,QSD]
RewriteRule ^catalog/Koenig\sSeats\sSpecial\.htm$ catalog/KoenigSeatsSpecial.html [L,R=301,QSD]
RewriteRule ^catalog/Mikuni\sCarburater\.htm$ catalog/MikuniCarburater.html [L,R=301,QSD]
RewriteRule ^catalog/Mikuni\+Carburater\.htm$ catalog/Mikuni-Carburater.html [L,R=301,QSD]
RewriteRule ^catalog/parts\sby\sengine/20R_22R_22RTE\.htm$ catalog/partsbyengine/20R_22R_22RTE.html [L,R=301,QSD]
RewriteRule ^catalog/parts\sby\sengine/2JZGTE\.htm$ catalog/partsbyengine/2JZGTE.html [L,R=301,QSD]
RewriteRule ^catalog/parts\sby\sengine/2T\s3T\.htm$ catalog/partsbyengine/2T3T.html [L,R=301,QSD]
RewriteRule ^catalog/parts\sby\sengine/2TG\s18RG\.htm$ catalog/partsbyengine/2TG18RG.html [L,R=301,QSD]
RewriteRule ^catalog/parts\sby\sengine/2tg\s18rg\.htm$ catalog/partsbyengine/2tg18rg.html [L,R=301,QSD]
RewriteRule ^catalog/parts\sby\sengine/3SGE\.htm$ catalog/partsbyengine/3SGE.html [L,R=301,QSD]
RewriteRule ^catalog/parts\sby\sengine/3sge\.htm$ catalog/partsbyengine/3sge.html [L,R=301,QSD]
RewriteRule ^catalog/parts\sby\sengine/4AGE\.htm$ catalog/partsbyengine/4AGE.html [L,R=301,QSD]
RewriteRule ^catalog/parts\sby\sengine/5MGE_6MGE\.htm$ catalog/partsbyengine/5MGE_6MGE.html [L,R=301,QSD]
RewriteRule ^catalog/parts\sby\sengine/7MGE\.htm$ catalog/partsbyengine/7MGE.html [L,R=301,QSD]
RewriteRule ^catalog/parts\sby\smodel/Camry\s87-91\sParts\.htm$ catalog/partsbymodel/Camry87-91Parts.html [L,R=301,QSD]
RewriteRule ^catalog/parts\sby\smodel/Camry\s92-96\sParts\.htm$ catalog/partsbymodel/Camry92-96Parts.html [L,R=301,QSD]
RewriteRule ^catalog/parts\sby\smodel/Camry\s97-2000\sParts\.htm$ catalog/partsbymodel/Camry97-2000Parts.html [L,R=301,QSD]
RewriteRule ^catalog/parts\sby\smodel/Camry\sParts\sMain\.htm$ catalog/partsbymodel/CamryPartsMain.html [L,R=301,QSD]
RewriteRule ^catalog/parts\sby\smodel/celica_2000_parts\.htm$ catalog/partsbymodel/celica_2000_parts.html [L,R=301,QSD]
RewriteRule ^catalog/parts\sby\smodel/celica_71\s85\sparts\.htm$ catalog/partsbymodel/celica_7185parts.html [L,R=301,QSD]
RewriteRule ^catalog/parts\sby\smodel/celica_86\s89_parts\.htm$ catalog/partsbymodel/celica_8689_parts.html [L,R=301,QSD]
RewriteRule ^catalog/parts\sby\smodel/celica_90\s93_parts\.htm$ catalog/partsbymodel/celica_9093_parts.html [L,R=301,QSD]
RewriteRule ^catalog/parts\sby\smodel/celica_94\s99_parts\.htm$ catalog/partsbymodel/celica_9499_parts.html [L,R=301,QSD]
RewriteRule ^catalog/parts\sby\smodel/celica_all_trac_parts\.htm$ catalog/partsbymodel/celica_all_trac_parts.html [L,R=301,QSD]
RewriteRule ^catalog/parts\sby\smodel/celica_parts_list_main\.htm$ catalog/partsbymodel/celica_parts_list_main.html [L,R=301,QSD]
RewriteRule ^catalog/parts\sby\smodel/Corolla\s71-83\sparts\.htm$ catalog/partsbymodel/Corolla71-83parts.html [L,R=301,QSD]
RewriteRule ^catalog/parts\sby\smodel/Corolla\s88-91\sparts\.htm$ catalog/partsbymodel/Corolla88-91parts.html [L,R=301,QSD]
RewriteRule ^catalog/parts\sby\smodel/Corolla\s92-97\sparts\.htm$ catalog/partsbymodel/Corolla92-97parts.html [L,R=301,QSD]
RewriteRule ^catalog/parts\sby\smodel/corolla\s92-97\sparts\.htm$ catalog/partsbymodel/corolla92-97parts.html [L,R=301,QSD]
RewriteRule ^catalog/parts\sby\smodel/Corolla\s98-00\sparts\.htm$ catalog/partsbymodel/Corolla98-00parts.html [L,R=301,QSD]
RewriteRule ^catalog/parts\sby\smodel/Corolla\sRWD\s84-87\sparts\.htm$ catalog/partsbymodel/CorollaRWD84-87parts.html [L,R=301,QSD]
RewriteRule ^catalog/parts\sby\smodel/Corolla_parts_list_main\.htm$ catalog/partsbymodel/Corolla_parts_list_main.html [L,R=301,QSD]
RewriteRule ^catalog/parts\sby\smodel/Echo\sParts\sMain\.htm$ catalog/partsbymodel/EchoPartsMain.html [L,R=301,QSD]
RewriteRule ^catalog/parts\sby\smodel/Lexus\sGS\sparts\.htm$ catalog/partsbymodel/LexusGSparts.html [L,R=301,QSD]
RewriteRule ^catalog/parts\sby\smodel/lexus\sgs\sparts\.htm$ catalog/partsbymodel/lexusgsparts.html [L,R=301,QSD]
RewriteRule ^catalog/parts\sby\smodel/Lexus\sIS\sParts\.htm$ catalog/partsbymodel/LexusISParts.html [L,R=301,QSD]
RewriteRule ^catalog/parts\sby\smodel/MR2\s85-89\sSC\.htm$ catalog/partsbymodel/MR285-89SC.html [L,R=301,QSD]
RewriteRule ^catalog/parts\sby\smodel/MR2\s85-89\.htm$ catalog/partsbymodel/MR285-89.html [L,R=301,QSD]
RewriteRule ^catalog/parts\sby\smodel/MR2\s90-99\sTurbo\.htm$ catalog/partsbymodel/MR290-99Turbo.html [L,R=301,QSD]
RewriteRule ^catalog/parts\sby\smodel/MR2\s90-99\.htm$ catalog/partsbymodel/MR290-99.html [L,R=301,QSD]
RewriteRule ^catalog/parts\sby\smodel/MR2_parts_list_main\.htm$ catalog/partsbymodel/MR2_parts_list_main.html [L,R=301,QSD]
RewriteRule ^catalog/parts\sby\smodel/RAV4\sparts\.htm$ catalog/partsbymodel/RAV4parts.html [L,R=301,QSD]
RewriteRule ^catalog/parts\sby\smodel/supra\s78-81\.htm$ catalog/partsbymodel/supra78-81.html [L,R=301,QSD]
RewriteRule ^catalog/parts\sby\smodel/supra\s82-86\.htm$ catalog/partsbymodel/supra82-86.html [L,R=301,QSD]
RewriteRule ^catalog/parts\sby\smodel/supra\s865\s92\.htm$ catalog/partsbymodel/supra86592.html [L,R=301,QSD]
RewriteRule ^catalog/parts\sby\smodel/supra\s93-99\.htm$ catalog/partsbymodel/supra93-99.html [L,R=301,QSD]
RewriteRule ^catalog/parts\sby\smodel/supra_parts_list_main\.htm$ catalog/partsbymodel/supra_parts_list_main.html [L,R=301,QSD]
RewriteRule ^catalog/parts\sby\smodel/SUV_parts_list_main\.htm$ catalog/partsbymodel/SUV_parts_list_main.html [L,R=301,QSD]
RewriteRule ^catalog/parts\sby\smodel/Tercel\sPaseo_parts_list_main\.htm$ catalog/partsbymodel/TercelPaseo_parts_list_main.html [L,R=301,QSD]
RewriteRule ^catalog/parts\+by\+engine/20R_22R_22RTE\.htm$ catalog/parts-by-engine/20R_22R_22RTE.html [L,R=301,QSD]
RewriteRule ^catalog/parts\+by\+engine/4AGE\.htm$ catalog/parts-by-engine/4AGE.html [L,R=301,QSD]
RewriteRule ^catalog/parts\+by\+model/celica_71\+85\+parts\.htm$ catalog/parts-by-model/celica_71-85-parts.html [L,R=301,QSD]
RewriteRule ^catalog/parts\+by\+model/Corolla\+71-83\+parts\.htm$ catalog/parts-by-model/Corolla-71-83-parts.html [L,R=301,QSD]
RewriteRule ^catalog/parts\+by\+model/Corolla\+98-00\+parts\.htm$ catalog/parts-by-model/Corolla-98-00-parts.html [L,R=301,QSD]
RewriteRule ^catalog/parts\+by\+model/Corolla\+RWD\+84-87\+parts\.htm$ catalog/parts-by-model/Corolla-RWD-84-87-parts.html [L,R=301,QSD]
RewriteRule ^catalog/parts\+by\+model/Lexus\+GS\+parts\.htm$ catalog/parts-by-model/Lexus-GS-parts.html [L,R=301,QSD]
RewriteRule ^catalog/parts\+by\+model/Lexus\+IS\+Parts\.htm$ catalog/parts-by-model/Lexus-IS-Parts.html [L,R=301,QSD]
RewriteRule ^catalog/PET\s3S-GTE\sConversion\.htm$ catalog/PET3S-GTEConversion.html [L,R=301,QSD]
RewriteRule ^catalog/Toyota\sOEM\sParts\sand\sAccessories\.htm$ catalog/ToyotaOEMPartsandAccessories.html [L,R=301,QSD]
RewriteRule ^catalog/Used\sToyota\sEngines\.htm$ catalog/UsedToyotaEngines.html [L,R=301,QSD]
RewriteRule ^catalog/used\stoyota\sengines\.htm$ catalog/usedtoyotaengines.html [L,R=301,QSD]
RewriteRule ^catalog/Used\+Toyota\+Engines\.htm$ catalog/Used-Toyota-Engines.html [L,R=301,QSD]
RewriteRule ^Celica\sor\sMR2\sSpyder\.htm$ CelicaorMR2Spyder.html [L,R=301,QSD]
RewriteRule ^Celica\+or\+MR2\+Spyder\.htm$ Celica-or-MR2-Spyder.html [L,R=301,QSD]
RewriteRule ^Clear\sLens\sConversions\.htm$ ClearLensConversions.html [L,R=301,QSD]
RewriteRule ^Clear\+Lens\+Conversions\.htm$ Clear-Lens-Conversions.html [L,R=301,QSD]
RewriteRule ^Complete\sLamp\sList\.htm$ CompleteLampList.html [L,R=301,QSD]
RewriteRule ^Complete\sLamp\sList_files/editdata\.mso$ CompleteLampList_files/editdata.html [L,R=301,QSD]
RewriteRule ^dash\spanel\sweb\.htm$ dashpanelweb.html [L,R=301,QSD]
RewriteRule ^dash\spanel\sweb_files/editdata\.mso$ dashpanelweb_files/editdata.html [L,R=301,QSD]
RewriteRule ^dash\spanel\sweb_files/oledata\.mso$ dashpanelweb_files/oledata.html [L,R=301,QSD]
RewriteRule ^dash\+panel\+web\.htm$ dash-panel-web.html [L,R=301,QSD]
RewriteRule ^DCOE\sSeries\sCarburetors\.htm$ DCOESeriesCarburetors.html [L,R=301,QSD]
RewriteRule ^DCOE\sSeries\sCarburetors_files/editdata\.mso$ DCOESeriesCarburetors_files/editdata.html [L,R=301,QSD]
RewriteRule ^DENSO\sWEB\slist\.htm$ DENSOWEBlist.html [L,R=301,QSD]
RewriteRule ^DENSO\sWEB\slist_files/editdata\.mso$ DENSOWEBlist_files/editdata.html [L,R=301,QSD]
RewriteRule ^DENSO\sWEB\slist_files/oledata\.mso$ DENSOWEBlist_files/oledata.html [L,R=301,QSD]
RewriteRule ^DENSO\sWEB\.htm$ DENSOWEB.html [L,R=301,QSD]
RewriteRule ^DENSO\sWEB_files/editdata\.mso$ DENSOWEB_files/editdata.html [L,R=301,QSD]
RewriteRule ^DENSO\sWEB_files/oledata\.mso$ DENSOWEB_files/oledata.html [L,R=301,QSD]
RewriteRule ^DENSO\+WEB\.htm$ DENSO-WEB.html [L,R=301,QSD]
RewriteRule ^EIBACH\sWEB\.htm$ EIBACHWEB.html [L,R=301,QSD]
RewriteRule ^EIBACH\sWEB_files/editdata\.mso$ EIBACHWEB_files/editdata.html [L,R=301,QSD]
RewriteRule ^EIBACH\sWEB_files/oledata\.mso$ EIBACHWEB_files/oledata.html [L,R=301,QSD]
RewriteRule ^ENGINE\sEVOLUTION\sOF\sTHE\s3SGE\.htm$ ENGINEEVOLUTIONOFTHE3SGE.html [L,R=301,QSD]
RewriteRule ^ENGINE\sLIST\sMARCH\s2002\.htm$ ENGINELISTMARCH2002.html [L,R=301,QSD]
RewriteRule ^ENGINE\sLIST\sMARCH\s2002_files/editdata\.mso$ ENGINELISTMARCH2002_files/editdata.html [L,R=301,QSD]
RewriteRule ^ENGINE\sLIST\sMARCH\s2002_files/oledata\.mso$ ENGINELISTMARCH2002_files/oledata.html [L,R=301,QSD]
RewriteRule ^ENGINE\+EVOLUTION\+OF\+THE\+3SGE\.htm$ ENGINE-EVOLUTION-OF-THE-3SGE.html [L,R=301,QSD]
RewriteRule ^ENGINE\+LIST\+MARCH\+2002\.htm$ ENGINE-LIST-MARCH-2002.html [L,R=301,QSD]
RewriteRule ^FE\sEngines\.htm$ FEEngines.html [L,R=301,QSD]
RewriteRule ^FE\+Engines\.htm$ FE-Engines.html [L,R=301,QSD]
RewriteRule ^Frame\sOverlay\.htm$ FrameOverlay.html [L,R=301,QSD]
RewriteRule ^Frame\+Overlay\.htm$ Frame-Overlay.html [L,R=301,QSD]
RewriteRule ^HKS\sWEBnew\.htm$ HKSWEBnew.html [L,R=301,QSD]
RewriteRule ^HKS\+WEBnew\.htm$ HKS-WEBnew.html [L,R=301,QSD]
RewriteRule ^how\sto\schoose\sturbochargers\.htm$ howtochooseturbochargers.html [L,R=301,QSD]
RewriteCond %{QUERY_STRING} ^\%22$
RewriteRule ^how\sto\schoose\sturbochargers\.htm$ howtochooseturbochargers_-.html [L,R=301,QSD]
RewriteRule ^how\+to\+choose\+turbochargers\.htm$ how-to-choose-turbochargers.html [L,R=301,QSD]
RewriteCond %{QUERY_STRING} ^\%22$
RewriteRule ^how\+to\+choose\+turbochargers\.htm$ how-to-choose-turbochargers_-.html [L,R=301,QSD]
RewriteCond %{QUERY_STRING} ^$
RewriteRule ^index\.htm$ index_htm.html [L,R=301,QSD]
RewriteRule ^K&N\.htm$ K-N.html [L,R=301,QSD]
RewriteRule ^k&ngallery\.htm$ k-ngallery.html [L,R=301,QSD]
RewriteRule ^KAAZ\sLimited\sSlip\sDifferentials\.htm$ KAAZLimitedSlipDifferentials.html [L,R=301,QSD]
RewriteRule ^L\sTUNED\sGS\.htm$ LTUNEDGS.html [L,R=301,QSD]
RewriteRule ^MIKUNI\sCARBURATORS\sparts\slist\.htm$ MIKUNICARBURATORSpartslist.html [L,R=301,QSD]
RewriteRule ^MIKUNI\+CARBURATORS\+parts\+list\.htm$ MIKUNI-CARBURATORS-parts-list.html [L,R=301,QSD]
RewriteRule ^Misc/Online\sSales\sPolicy\.htm$ Misc/OnlineSalesPolicy.html [L,R=301,QSD]
RewriteRule ^Misc/purchase\sprograms\.htm$ Misc/purchaseprograms.html [L,R=301,QSD]
RewriteRule ^Misc/Toysport\sorder_form\.htm$ Misc/Toysportorder_form.html [L,R=301,QSD]
RewriteRule ^MODEL\sDESIGNATION\.htm$ MODELDESIGNATION.html [L,R=301,QSD]
RewriteRule ^MODEL\sDESIGNATION_files/editdata\.mso$ MODELDESIGNATION_files/editdata.html [L,R=301,QSD]
RewriteRule ^MODEL\sDESIGNATION_files/oledata\.mso$ MODELDESIGNATION_files/oledata.html [L,R=301,QSD]
RewriteRule ^MODEL\+DESIGNATION\.htm$ MODEL-DESIGNATION.html [L,R=301,QSD]
RewriteRule ^MR2\sSpyder1\.htm$ MR2Spyder1.html [L,R=301,QSD]
RewriteRule ^MR2\+Spyder1\.htm$ MR2-Spyder1.html [L,R=301,QSD]
RewriteRule ^new\sarticles/Fw_\sCorolla\sAE86\sHI\.htm$ newarticles/Fw_CorollaAE86HI.html [L,R=301,QSD]
RewriteRule ^new\sarticles/Fw_\sLexus\sGS300\s2JZGTE\s\sJZS147\.htm$ newarticles/Fw_LexusGS3002JZGTEJZS147.html [L,R=301,QSD]
RewriteRule ^new\sarticles/Fw_\sLEXUS\sGS300\sVERTEX\sHKS\sTWIN\sTURBO\.htm$ newarticles/Fw_LEXUSGS300VERTEXHKSTWINTURBO.html [L,R=301,QSD]
RewriteRule ^NEW\sARTICLES2/cataloggsL\sTUNED\sGS_files/editdata\.mso$ NEWARTICLES2/cataloggsLTUNEDGS_files/editdata.html [L,R=301,QSD]
RewriteRule ^NEW\sARTICLES2/cataloggsL\sTUNED\sGS_files/oledata\.mso$ NEWARTICLES2/cataloggsLTUNEDGS_files/oledata.html [L,R=301,QSD]
RewriteRule ^New\sProducts/Atlantic\.htm$ NewProducts/Atlantic.html [L,R=301,QSD]
RewriteRule ^New\sProducts/Celica\sor\sMR2\sSpyder\.htm$ NewProducts/CelicaorMR2Spyder.html [L,R=301,QSD]
RewriteRule ^New\sProducts/Clear\sLens\sConversions\.htm$ NewProducts/ClearLensConversions.html [L,R=301,QSD]
RewriteRule ^New\sProducts/KAAZ\sLimited\sSlip\sDifferentials\.htm$ NewProducts/KAAZLimitedSlipDifferentials.html [L,R=301,QSD]
RewriteRule ^New\sProducts/MR2\sSpyder\.htm$ NewProducts/MR2Spyder.html [L,R=301,QSD]
RewriteRule ^New\sProducts/New\sProducts\sMain\.htm$ NewProducts/NewProductsMain.html [L,R=301,QSD]
RewriteRule ^New\sProducts/OS\sGIKEN\s2\splates\.htm$ NewProducts/OSGIKEN2plates.html [L,R=301,QSD]
RewriteRule ^New\sProducts/Silicone\sHoses\.htm$ NewProducts/SiliconeHoses.html [L,R=301,QSD]
RewriteRule ^New\sProducts/Toysport\sPET\sCamshafts\.htm$ NewProducts/ToysportPETCamshafts.html [L,R=301,QSD]
RewriteRule ^New\sProducts/Toysport\sPET\sECU\.htm$ NewProducts/ToysportPETECU.html [L,R=301,QSD]
RewriteRule ^New\sProducts/Toysport\sPET\sPulleys\sand\sFlywheels\.htm$ NewProducts/ToysportPETPulleysandFlywheels.html [L,R=301,QSD]
RewriteRule ^New\sProducts/TRD\sClutches\.htm$ NewProducts/TRDClutches.html [L,R=301,QSD]
RewriteRule ^New\sProducts/TRD\sSPECIALS\.htm$ NewProducts/TRDSPECIALS.html [L,R=301,QSD]
RewriteRule ^New\sProducts/TRD\sSuperchargers\.htm$ NewProducts/TRDSuperchargers.html [L,R=301,QSD]
RewriteRule ^New\sProducts/Vibrasonic\.htm$ NewProducts/Vibrasonic.html [L,R=301,QSD]
RewriteRule ^new\+articles/Fw_\+Lexus\+GS300\+2JZGTE\+\+JZS147\.htm$ new-articles/Fw_-Lexus-GS300-2JZGTE--JZS147.html [L,R=301,QSD]
RewriteRule ^new\+articles/Fw_\+LEXUS\+GS300\+VERTEX\+HKS\+TWIN\+TURBO\.htm$ new-articles/Fw_-LEXUS-GS300-VERTEX-HKS-TWIN-TURBO.html [L,R=301,QSD]
RewriteRule ^New\+Products/Atlantic\.htm$ New-Products/Atlantic.html [L,R=301,QSD]
RewriteRule ^NGK\sWEB\.htm$ NGKWEB.html [L,R=301,QSD]
RewriteRule ^NGK\sWEB_files/20WEB\.htm$ NGKWEB_files/20WEB.html [L,R=301,QSD]
RewriteRule ^NGK\sWEB_files/editdata\.mso$ NGKWEB_files/editdata.html [L,R=301,QSD]
RewriteRule ^NGK\sWEB_files/oledata\.mso$ NGKWEB_files/oledata.html [L,R=301,QSD]
RewriteRule ^NGK\sWEB_files/productline\.htm$ NGKWEB_files/productline.html [L,R=301,QSD]
RewriteRule ^NGK\sWEB_files/sheet001\.htm$ NGKWEB_files/sheet001.html [L,R=301,QSD]
RewriteRule ^NGK\sWEB_files/sheet002\.htm$ NGKWEB_files/sheet002.html [L,R=301,QSD]
RewriteRule ^NGK\sWEB_files/sheet003\.htm$ NGKWEB_files/sheet003.html [L,R=301,QSD]
RewriteRule ^NGK\sWEB_files/tabstrip\.htm$ NGKWEB_files/tabstrip.html [L,R=301,QSD]
RewriteRule ^NGK\+WEB\.htm$ NGK-WEB.html [L,R=301,QSD]
RewriteRule ^NOLOGY\sWEB\.htm$ NOLOGYWEB.html [L,R=301,QSD]
RewriteRule ^noLOGY\sWEB\.htm$ noLOGYWEB.html [L,R=301,QSD]
RewriteRule ^NOLOGY\sWEB_files/editdata\.mso$ NOLOGYWEB_files/editdata.html [L,R=301,QSD]
RewriteRule ^NOLOGY\sWEB_files/oledata\.mso$ NOLOGYWEB_files/oledata.html [L,R=301,QSD]
RewriteRule ^NOLOGY\+WEB\.htm$ NOLOGY-WEB.html [L,R=301,QSD]
RewriteRule ^PET\s3s_GTE\sConversion\.htm$ PET3s_GTEConversion.html [L,R=301,QSD]
RewriteRule ^PET\+3s_GTE\+Conversion\.htm$ PET-3s_GTE-Conversion.html [L,R=301,QSD]
RewriteRule ^PIAA\sTOYOTA\.htm$ PIAATOYOTA.html [L,R=301,QSD]
RewriteRule ^PIAA\sTOYOTA_files/editdata\.mso$ PIAATOYOTA_files/editdata.html [L,R=301,QSD]
RewriteRule ^PIAA\sTOYOTA_files/oledata\.mso$ PIAATOYOTA_files/oledata.html [L,R=301,QSD]
RewriteRule ^PORTERFEILD\sWEB_files/editdata\.mso$ PORTERFEILDWEB_files/editdata.html [L,R=301,QSD]
RewriteRule ^PORTERFEILD\sWEB_files/oledata\.mso$ PORTERFEILDWEB_files/oledata.html [L,R=301,QSD]
RewriteRule ^porterfield\sTOYOTA\.htm$ porterfieldTOYOTA.html [L,R=301,QSD]
RewriteRule ^porterfield\sTOYOTA_files/editdata\.mso$ porterfieldTOYOTA_files/editdata.html [L,R=301,QSD]
RewriteRule ^porterfield\sTOYOTA_files/oledata\.mso$ porterfieldTOYOTA_files/oledata.html [L,R=301,QSD]
RewriteRule ^porterfield\+TOYOTA\.htm$ porterfield-TOYOTA.html [L,R=301,QSD]
RewriteRule ^Product\sLine/Product\sLine\sMain\.htm$ ProductLine/ProductLineMain.html [L,R=301,QSD]
RewriteRule ^Product\sLine/Product\sLine\sMakers/ADDCO\.htm$ ProductLine/ProductLineMakers/ADDCO.html [L,R=301,QSD]
RewriteRule ^Product\sLine/Product\sLine\sMakers/AEM\.htm$ ProductLine/ProductLineMakers/AEM.html [L,R=301,QSD]
RewriteRule ^Product\sLine/Product\sLine\sMakers/ARIAS\.htm$ ProductLine/ProductLineMakers/ARIAS.html [L,R=301,QSD]
RewriteRule ^Product\sLine/Product\sLine\sMakers/ARP\.htm$ ProductLine/ProductLineMakers/ARP.html [L,R=301,QSD]
RewriteRule ^Product\sLine/Product\sLine\sMakers/AUTOMETER\.htm$ ProductLine/ProductLineMakers/AUTOMETER.html [L,R=301,QSD]
RewriteRule ^Product\sLine/Product\sLine\sMakers/AutoPower\.htm$ ProductLine/ProductLineMakers/AutoPower.html [L,R=301,QSD]
RewriteRule ^Product\sLine/Product\sLine\sMakers/BREMBO\.htm$ ProductLine/ProductLineMakers/BREMBO.html [L,R=301,QSD]
RewriteRule ^Product\sLine/Product\sLine\sMakers/CARILLO\.htm$ ProductLine/ProductLineMakers/CARILLO.html [L,R=301,QSD]
RewriteRule ^Product\sLine/Product\sLine\sMakers/Centerforce\.htm$ ProductLine/ProductLineMakers/Centerforce.html [L,R=301,QSD]
RewriteRule ^Product\sLine/Product\sLine\sMakers/CIBIE\.htm$ ProductLine/ProductLineMakers/CIBIE.html [L,R=301,QSD]
RewriteRule ^Product\sLine/Product\sLine\sMakers/CLUTCH\sMASTER\.htm$ ProductLine/ProductLineMakers/CLUTCHMASTER.html [L,R=301,QSD]
RewriteRule ^Product\sLine/Product\sLine\sMakers/Crower\.htm$ ProductLine/ProductLineMakers/Crower.html [L,R=301,QSD]
RewriteRule ^Product\sLine/Product\sLine\sMakers/CUSCO\.htm$ ProductLine/ProductLineMakers/CUSCO.html [L,R=301,QSD]
RewriteRule ^Product\sLine/Product\sLine\sMakers/Doug\sThorley\.htm$ ProductLine/ProductLineMakers/DougThorley.html [L,R=301,QSD]
RewriteRule ^Product\sLine/Product\sLine\sMakers/EARLS\.htm$ ProductLine/ProductLineMakers/EARLS.html [L,R=301,QSD]
RewriteRule ^Product\sLine/Product\sLine\sMakers/EBC\.htm$ ProductLine/ProductLineMakers/EBC.html [L,R=301,QSD]
RewriteRule ^Product\sLine/Product\sLine\sMakers/EIBACH\.htm$ ProductLine/ProductLineMakers/EIBACH.html [L,R=301,QSD]
RewriteRule ^Product\sLine/Product\sLine\sMakers/Electromotive\.htm$ ProductLine/ProductLineMakers/Electromotive.html [L,R=301,QSD]
RewriteRule ^Product\sLine/Product\sLine\sMakers/Energy\sSuspension\.htm$ ProductLine/ProductLineMakers/EnergySuspension.html [L,R=301,QSD]
RewriteRule ^Product\sLine/Product\sLine\sMakers/Federal\sMogul\.htm$ ProductLine/ProductLineMakers/FederalMogul.html [L,R=301,QSD]
RewriteRule ^Product\sLine/Product\sLine\sMakers/Greddy\sTRUST\.htm$ ProductLine/ProductLineMakers/GreddyTRUST.html [L,R=301,QSD]
RewriteRule ^Product\sLine/Product\sLine\sMakers/GTECH\.htm$ ProductLine/ProductLineMakers/GTECH.html [L,R=301,QSD]
RewriteRule ^Product\sLine/Product\sLine\sMakers/HELLA\.htm$ ProductLine/ProductLineMakers/HELLA.html [L,R=301,QSD]
RewriteRule ^Product\sLine/Product\sLine\sMakers/HKS\.htm$ ProductLine/ProductLineMakers/HKS.html [L,R=301,QSD]
RewriteRule ^Product\sLine/Product\sLine\sMakers/ISKY\.htm$ ProductLine/ProductLineMakers/ISKY.html [L,R=301,QSD]
RewriteRule ^Product\sLine/Product\sLine\sMakers/K&N\.htm$ ProductLine/ProductLineMakers/K-N.html [L,R=301,QSD]
RewriteRule ^Product\sLine/Product\sLine\sMakers/KAAZ\.htm$ ProductLine/ProductLineMakers/KAAZ.html [L,R=301,QSD]
RewriteRule ^Product\sLine/Product\sLine\sMakers/Kaminari\sAero\.htm$ ProductLine/ProductLineMakers/KaminariAero.html [L,R=301,QSD]
RewriteRule ^Product\sLine/Product\sLine\sMakers/Koni\.htm$ ProductLine/ProductLineMakers/Koni.html [L,R=301,QSD]
RewriteRule ^Product\sLine/Product\sLine\sMakers/KYB\.htm$ ProductLine/ProductLineMakers/KYB.html [L,R=301,QSD]
RewriteRule ^Product\sLine/Product\sLine\sMakers/Momo\.htm$ ProductLine/ProductLineMakers/Momo.html [L,R=301,QSD]
RewriteRule ^Product\sLine/Product\sLine\sMakers/Moroso\.htm$ ProductLine/ProductLineMakers/Moroso.html [L,R=301,QSD]
RewriteRule ^Product\sLine/Product\sLine\sMakers/MSD\.htm$ ProductLine/ProductLineMakers/MSD.html [L,R=301,QSD]
RewriteRule ^Product\sLine/Product\sLine\sMakers/NEO\sLubricants\.htm$ ProductLine/ProductLineMakers/NEOLubricants.html [L,R=301,QSD]
RewriteRule ^Product\sLine/Product\sLine\sMakers/NOS\.htm$ ProductLine/ProductLineMakers/NOS.html [L,R=301,QSD]
RewriteRule ^Product\sLine/Product\sLine\sMakers/RECARO\.htm$ ProductLine/ProductLineMakers/RECARO.html [L,R=301,QSD]
RewriteRule ^Product\sLine/Product\sLine\sMakers/SABELT\sTRW\.htm$ ProductLine/ProductLineMakers/SABELTTRW.html [L,R=301,QSD]
RewriteRule ^Product\sLine/Product\sLine\sMakers/SCHROTH\.htm$ ProductLine/ProductLineMakers/SCHROTH.html [L,R=301,QSD]
RewriteRule ^Product\sLine/Product\sLine\sMakers/Simpson\.htm$ ProductLine/ProductLineMakers/Simpson.html [L,R=301,QSD]
RewriteRule ^Product\sLine/Product\sLine\sMakers/SPARCO\.htm$ ProductLine/ProductLineMakers/SPARCO.html [L,R=301,QSD]
RewriteRule ^Product\sLine/Product\sLine\sMakers/STR\.htm$ ProductLine/ProductLineMakers/STR.html [L,R=301,QSD]
RewriteRule ^Product\sLine/Product\sLine\sMakers/SWAY\sAWAY\.htm$ ProductLine/ProductLineMakers/SWAYAWAY.html [L,R=301,QSD]
RewriteRule ^Product\sLine/Product\sLine\sMakers/Toda\.htm$ ProductLine/ProductLineMakers/Toda.html [L,R=301,QSD]
RewriteRule ^Product\sLine/Product\sLine\sMakers/TOKICO\.htm$ ProductLine/ProductLineMakers/TOKICO.html [L,R=301,QSD]
RewriteRule ^Product\sLine/Product\sLine\sMakers/TRD\sUSA\.htm$ ProductLine/ProductLineMakers/TRDUSA.html [L,R=301,QSD]
RewriteRule ^Product\sLine/Product\sLine\sMakers/TURBONETICS\.htm$ ProductLine/ProductLineMakers/TURBONETICS.html [L,R=301,QSD]
RewriteRule ^Product\sLine/Product\sLine\sMakers/VDO\.htm$ ProductLine/ProductLineMakers/VDO.html [L,R=301,QSD]
RewriteRule ^Product\+Line/Product\+Line\+Main\.htm$ Product-Line/Product-Line-Main.html [L,R=301,QSD]
RewriteRule ^RACE\sENGINES\.htm$ RACEENGINES.html [L,R=301,QSD]
RewriteRule ^RACE\sENGINES_files/20ENGINES\.htm$ RACEENGINES_files/20ENGINES.html [L,R=301,QSD]
RewriteRule ^RACE\sENGINES_files/editdata\.mso$ RACEENGINES_files/editdata.html [L,R=301,QSD]
RewriteRule ^RACE\sENGINES_files/oledata\.mso$ RACEENGINES_files/oledata.html [L,R=301,QSD]
RewriteRule ^RACE\sENGINES_files/sheet001\.htm$ RACEENGINES_files/sheet001.html [L,R=301,QSD]
RewriteRule ^RACE\sENGINES_files/sheet002\.htm$ RACEENGINES_files/sheet002.html [L,R=301,QSD]
RewriteRule ^RACE\sENGINES_files/sheet003\.htm$ RACEENGINES_files/sheet003.html [L,R=301,QSD]
RewriteRule ^RACE\sENGINES_files/tabstrip\.htm$ RACEENGINES_files/tabstrip.html [L,R=301,QSD]
RewriteRule ^RACE\sENGINES_files/Techinfo\.htm$ RACEENGINES_files/Techinfo.html [L,R=301,QSD]
RewriteRule ^Shock\sAbsorbers\.htm$ ShockAbsorbers.html [L,R=301,QSD]
RewriteRule ^Shock\+Absorbers\.htm$ Shock-Absorbers.html [L,R=301,QSD]
RewriteRule ^silicone\shoses\.htm$ siliconehoses.html [L,R=301,QSD]
RewriteRule ^silicone\+hoses\.htm$ silicone-hoses.html [L,R=301,QSD]
RewriteRule ^Technical\sInfo\sMain\.htm$ TechnicalInfoMain.html [L,R=301,QSD]
RewriteRule ^Technical\sInformation/22r_tech_notes\.htm$ TechnicalInformation/22r_tech_notes.html [L,R=301,QSD]
RewriteRule ^technical\sinformation/22r_tech_notes\.htm$ technicalinformation/22r_tech_notes.html [L,R=301,QSD]
RewriteRule ^Technical\sInformation/2tg_18rg_3tg_tech_notes\.htm$ TechnicalInformation/2tg_18rg_3tg_tech_notes.html [L,R=301,QSD]
RewriteRule ^technical\sinformation/2tg_18rg_3tg_tech_notes\.htm$ technicalinformation/2tg_18rg_3tg_tech_notes.html [L,R=301,QSD]
RewriteRule ^technical\sinformation/2ZZ-GE_tech_notes\.htm$ technicalinformation/2ZZ-GE_tech_notes.html [L,R=301,QSD]
RewriteRule ^Technical\sInformation/3sgt_tech_notes\.htm$ TechnicalInformation/3sgt_tech_notes.html [L,R=301,QSD]
RewriteRule ^technical\sinformation/3sgt_tech_notes\.htm$ technicalinformation/3sgt_tech_notes.html [L,R=301,QSD]
RewriteRule ^Technical\sInformation/4ag_tech_notes\.htm$ TechnicalInformation/4ag_tech_notes.html [L,R=301,QSD]
RewriteRule ^technical\sinformation/4ag_tech_notes\.htm$ technicalinformation/4ag_tech_notes.html [L,R=301,QSD]
RewriteRule ^technical\sinformation/4ag_tech_notes\.htm\)$ technicalinformation/4ag_tech_notes.htm).html [L,R=301,QSD]
RewriteRule ^Technical\sInformation/5m_6m_tech_notes\.htm$ TechnicalInformation/5m_6m_tech_notes.html [L,R=301,QSD]
RewriteRule ^technical\sinformation/5m_6m_tech_notes\.htm$ technicalinformation/5m_6m_tech_notes.html [L,R=301,QSD]
RewriteRule ^Technical\sInformation/7m_tech_notes\.htm$ TechnicalInformation/7m_tech_notes.html [L,R=301,QSD]
RewriteRule ^technical\sinformation/7m_tech_notes\.htm$ technicalinformation/7m_tech_notes.html [L,R=301,QSD]
RewriteRule ^Technical\sInformation/FE\sEngines\.htm$ TechnicalInformation/FEEngines.html [L,R=301,QSD]
RewriteRule ^technical\sinformation/FE\sEngines\.htm$ technicalinformation/FEEngines.html [L,R=301,QSD]
RewriteRule ^Technical\sInformation/Shock\sAbsorbers\.htm$ TechnicalInformation/ShockAbsorbers.html [L,R=301,QSD]
RewriteRule ^technical\sinformation/shock\sabsorbers\.htm$ technicalinformation/shockabsorbers.html [L,R=301,QSD]
RewriteRule ^Technical\sInformation/spec_sheet\.htm$ TechnicalInformation/spec_sheet.html [L,R=301,QSD]
RewriteRule ^technical\sinformation/spec_sheet\.htm$ technicalinformation/spec_sheet.html [L,R=301,QSD]
RewriteRule ^Technical\sInformation/Technical\sInfo\sMain\.htm$ TechnicalInformation/TechnicalInfoMain.html [L,R=301,QSD]
RewriteRule ^technical\sinformation/Technical\sInfo\sMain\.htm$ technicalinformation/TechnicalInfoMain.html [L,R=301,QSD]
RewriteRule ^Technical\sInformation/Toyota\sDifferentials\sIdentifications\.htm$ TechnicalInformation/ToyotaDifferentialsIdentifications.html [L,R=301,QSD]
RewriteRule ^technical\sinformation/Toyota\sDifferentials\sIdentifications\.htm$ technicalinformation/ToyotaDifferentialsIdentifications.html [L,R=301,QSD]
RewriteRule ^technical\sinformation/toyota\sdifferentials\sidentifications\.htm$ technicalinformation/toyotadifferentialsidentifications.html [L,R=301,QSD]
RewriteRule ^Technical\sInformation/Toyota\sRacing\sEngines\.htm$ TechnicalInformation/ToyotaRacingEngines.html [L,R=301,QSD]
RewriteRule ^technical\sinformation/Toyota\sRacing\sEngines\.htm$ technicalinformation/ToyotaRacingEngines.html [L,R=301,QSD]
RewriteRule ^Technical\sInformation/toyota_twin_cam_article\.htm$ TechnicalInformation/toyota_twin_cam_article.html [L,R=301,QSD]
RewriteRule ^technical\sinformation/toyota_twin_cam_article\.htm$ technicalinformation/toyota_twin_cam_article.html [L,R=301,QSD]
RewriteRule ^Technical\sInformation/toysport\spet\sparts\.htm$ TechnicalInformation/toysportpetparts.html [L,R=301,QSD]
RewriteRule ^Technical\sInformation/Transmissions\.htm$ TechnicalInformation/Transmissions.html [L,R=301,QSD]
RewriteRule ^technical\sinformation/Transmissions\.htm$ technicalinformation/Transmissions.html [L,R=301,QSD]
RewriteRule ^Technical\sInformation/turbochargers\.htm$ TechnicalInformation/turbochargers.html [L,R=301,QSD]
RewriteRule ^technical\sinformation/turbochargers\.htm$ technicalinformation/turbochargers.html [L,R=301,QSD]
RewriteRule ^Technical\+Info\+Main\.htm$ Technical-Info-Main.html [L,R=301,QSD]
RewriteRule ^Technical\+Information/22r_tech_notes\.htm$ Technical-Information/22r_tech_notes.html [L,R=301,QSD]
RewriteRule ^Technical\+Information/2tg_18rg_3tg_tech_notes\.htm$ Technical-Information/2tg_18rg_3tg_tech_notes.html [L,R=301,QSD]
RewriteRule ^Technical\+Information/3sgt_tech_notes\.htm$ Technical-Information/3sgt_tech_notes.html [L,R=301,QSD]
RewriteRule ^Technical\+Information/4ag_tech_notes\.htm$ Technical-Information/4ag_tech_notes.html [L,R=301,QSD]
RewriteRule ^Technical\+Information/7m_tech_notes\.htm$ Technical-Information/7m_tech_notes.html [L,R=301,QSD]
RewriteRule ^Technical\+Information/Technical\+Info\+Main\.htm$ Technical-Information/Technical-Info-Main.html [L,R=301,QSD]
RewriteRule ^technotesLexus\sTuning\.htm$ technotesLexusTuning.html [L,R=301,QSD]
RewriteRule ^TO\sPOST\sWEB\sMAR\s26/HKS\sWEB_files/editdata\.mso$ TOPOSTWEBMAR26/HKSWEB_files/editdata.html [L,R=301,QSD]
RewriteRule ^TO\sPOST\sWEB\sMAR\s26/HKS\sWEB_files/oledata\.mso$ TOPOSTWEBMAR26/HKSWEB_files/oledata.html [L,R=301,QSD]
RewriteRule ^TOKICO\sWEB\.htm$ TOKICOWEB.html [L,R=301,QSD]
RewriteRule ^TOKICO\sWEB_files/20WEB\.htm$ TOKICOWEB_files/20WEB.html [L,R=301,QSD]
RewriteRule ^TOKICO\sWEB_files/editdata\.mso$ TOKICOWEB_files/editdata.html [L,R=301,QSD]
RewriteRule ^TOKICO\sWEB_files/oledata\.mso$ TOKICOWEB_files/oledata.html [L,R=301,QSD]
RewriteRule ^TOKICO\sWEB_files/sheet001\.htm$ TOKICOWEB_files/sheet001.html [L,R=301,QSD]
RewriteRule ^TOKICO\sWEB_files/sheet002\.htm$ TOKICOWEB_files/sheet002.html [L,R=301,QSD]
RewriteRule ^TOKICO\sWEB_files/tabstrip\.htm$ TOKICOWEB_files/tabstrip.html [L,R=301,QSD]
RewriteRule ^toy\seng\ssum\.htm$ toyengsum.html [L,R=301,QSD]
RewriteRule ^toy\seng\ssum_files/20sum\.htm$ toyengsum_files/20sum.html [L,R=301,QSD]
RewriteRule ^toy\seng\ssum_files/editdata\.mso$ toyengsum_files/editdata.html [L,R=301,QSD]
RewriteRule ^toy\seng\ssum_files/oledata\.mso$ toyengsum_files/oledata.html [L,R=301,QSD]
RewriteRule ^toy\seng\ssum_files/sheet001\.htm$ toyengsum_files/sheet001.html [L,R=301,QSD]
RewriteRule ^toy\seng\ssum_files/sheet002\.htm$ toyengsum_files/sheet002.html [L,R=301,QSD]
RewriteRule ^toy\seng\ssum_files/sheet003\.htm$ toyengsum_files/sheet003.html [L,R=301,QSD]
RewriteRule ^toy\seng\ssum_files/tabstrip\.htm$ toyengsum_files/tabstrip.html [L,R=301,QSD]
RewriteRule ^toy\seng\ssum_files/Techinfo\.htm$ toyengsum_files/Techinfo.html [L,R=301,QSD]
RewriteRule ^TOY\sLEX\sORDER\sFORM\snew\.htm$ TOYLEXORDERFORMnew.html [L,R=301,QSD]
RewriteRule ^TOY\sLEX\sORDER\sFORM\snew_files/editdata\.mso$ TOYLEXORDERFORMnew_files/editdata.html [L,R=301,QSD]
RewriteRule ^toy\+eng\+sum\.htm$ toy-eng-sum.html [L,R=301,QSD]
RewriteRule ^TOY\+LEX\+ORDER\+FORM\+new\.htm$ TOY-LEX-ORDER-FORM-new.html [L,R=301,QSD]
RewriteRule ^toyota\sdifferentials\sindentifications\.htm$ toyotadifferentialsindentifications.html [L,R=301,QSD]
RewriteRule ^TOYOTA\sECU\sWEB\.htm$ TOYOTAECUWEB.html [L,R=301,QSD]
RewriteRule ^Toyota\sMarine\sSports\.htm$ ToyotaMarineSports.html [L,R=301,QSD]
RewriteRule ^Toyota\sOEM\sParts\sand\sAccessories\.htm$ ToyotaOEMPartsandAccessories.html [L,R=301,QSD]
RewriteRule ^toyota\sracing\sengines\.htm$ toyotaracingengines.html [L,R=301,QSD]
RewriteRule ^toyota\+differentials\+indentifications\.htm$ toyota-differentials-indentifications.html [L,R=301,QSD]
RewriteRule ^Toyota\+OEM\+Parts\+and\+Accessories\.htm$ Toyota-OEM-Parts-and-Accessories.html [L,R=301,QSD]
RewriteRule ^toyota\+racing\+engines\.htm$ toyota-racing-engines.html [L,R=301,QSD]
RewriteRule ^TOYSPORT\sORDER\sFORM\snew\.htm$ TOYSPORTORDERFORMnew.html [L,R=301,QSD]
RewriteRule ^TOYSPORT\sORDER\sFORM\snew_files/editdata\.mso$ TOYSPORTORDERFORMnew_files/editdata.html [L,R=301,QSD]
RewriteRule ^TOYSPORT\+ORDER\+FORM\+new\.htm$ TOYSPORT-ORDER-FORM-new.html [L,R=301,QSD]
RewriteRule ^TRD\sN2\s4AGE\.htm$ TRDN24AGE.html [L,R=301,QSD]
RewriteRule ^TRD\sSUperchargers\.htm$ TRDSUperchargers.html [L,R=301,QSD]
RewriteRule ^TRD\+N2\+4AGE\.htm$ TRD-N2-4AGE.html [L,R=301,QSD]
RewriteRule ^TRD\+SUperchargers\.htm$ TRD-SUperchargers.html [L,R=301,QSD]
RewriteRule ^Web\sChanges\.new\sproducts\.htm$ WebChanges.newproducts.html [L,R=301,QSD]
RewriteRule ^weber\scarbs\.htm$ webercarbs.html [L,R=301,QSD]
RewriteRule ^weber\scarbs_files/editdata\.mso$ webercarbs_files/editdata.html [L,R=301,QSD]
RewriteRule ^WEBER\sLIST\.htm$ WEBERLIST.html [L,R=301,QSD]
RewriteRule ^WEBER\sLIST_files/20LIST\.htm$ WEBERLIST_files/20LIST.html [L,R=301,QSD]
RewriteRule ^WEBER\sLIST_files/editdata\.mso$ WEBERLIST_files/editdata.html [L,R=301,QSD]
RewriteRule ^WEBER\sLIST_files/oledata\.mso$ WEBERLIST_files/oledata.html [L,R=301,QSD]
RewriteRule ^WEBER\sLIST_files/productline\.htm$ WEBERLIST_files/productline.html [L,R=301,QSD]
RewriteRule ^WEBER\sLIST_files/sheet001\.htm$ WEBERLIST_files/sheet001.html [L,R=301,QSD]
RewriteRule ^WEBER\sLIST_files/sheet002\.htm$ WEBERLIST_files/sheet002.html [L,R=301,QSD]
RewriteRule ^WEBER\sLIST_files/sheet003\.htm$ WEBERLIST_files/sheet003.html [L,R=301,QSD]
RewriteRule ^WEBER\sLIST_files/sheet004\.htm$ WEBERLIST_files/sheet004.html [L,R=301,QSD]
RewriteRule ^WEBER\sLIST_files/sheet005\.htm$ WEBERLIST_files/sheet005.html [L,R=301,QSD]
RewriteRule ^WEBER\sLIST_files/tabstrip\.htm$ WEBERLIST_files/tabstrip.html [L,R=301,QSD]
RewriteRule ^weber\+carbs\.htm$ weber-carbs.html [L,R=301,QSD]
RewriteRule ^webpages/ProductLine/ProductLineMakers/B&M\.htm$ webpages/ProductLine/ProductLineMakers/B-M.html [L,R=301,QSD]
RewriteRule ^What\sto\sorder\.htm$ Whattoorder.html [L,R=301,QSD]
RewriteRule ^What\+to\+order\.htm$ What-to-order.html [L,R=301,QSD]

# Redirect all extensions to html
RewriteCond %{QUERY_STRING} ^$
RewriteRule ^(.*)\.shtml$ $1.html [L,NC,R=301]
RewriteCond %{QUERY_STRING} ^$
RewriteRule ^(.*)\.phtml$ $1.html [L,NC,R=301]
RewriteCond %{QUERY_STRING} ^$
RewriteRule ^(.*)\.jhtml$ $1.html [L,NC,R=301]
RewriteCond %{QUERY_STRING} ^$
RewriteRule ^(.*)\.htm$ $1.html [L,NC,R=301]
RewriteCond %{QUERY_STRING} ^$
RewriteRule ^(.*)\.php$ $1.html [L,NC,R=301]
RewriteCond %{QUERY_STRING} ^$
RewriteRule ^(.*)\.aspx$ $1.html [L,NC,R=301]
RewriteCond %{QUERY_STRING} ^$
RewriteRule ^(.*)\.asp$ $1.html [L,NC,R=301]
RewriteCond %{QUERY_STRING} ^$
RewriteRule ^(.*)\.jsp$ $1.html [L,NC,R=301]
RewriteCond %{QUERY_STRING} ^$
RewriteRule ^(.*)\.apk$ $1.html [L,NC,R=301]
# End: Redirect all extensions to html
